Ref,Val,Package,PosX,PosY,Rot,Side
"CA1","100nF","C_0603_1608Metric",7.500000,-38.000000,0.000000,top
"CA2","100nF","C_0603_1608Metric",19.000000,-38.000000,0.000000,top
"CA3","100nF","C_0603_1608Metric",31.000000,-38.000000,0.000000,top
"CA4","100nF","C_0603_1608Metric",42.500000,-38.000000,0.000000,top
"CF1","47pF","C_0603_1608Metric",7.500000,-8.500000,0.000000,top
"CF2","47pF","C_0603_1608Metric",42.500000,-8.500000,0.000000,top
"CF3","47pF","C_0603_1608Metric",7.500000,-17.500000,0.000000,top
"CF4","47pF","C_0603_1608Metric",42.500000,-17.500000,0.000000,top
"COS_OFF_BL","12nF","C_0603_1608Metric",34.400000,-57.500000,90.000000,top
"COS_OFF_BR","12nF","C_0603_1608Metric",45.900000,-57.500000,90.000000,top
"COS_OFF_TL","12nF","C_0603_1608Metric",10.900000,-57.500000,90.000000,top
"COS_OFF_TR","12nF","C_0603_1608Metric",22.400000,-57.500000,90.000000,top
"COS_ON_BL","12nF","C_0603_1608Metric",34.400000,-53.000000,90.000000,top
"COS_ON_BR","12nF","C_0603_1608Metric",45.900000,-53.000000,90.000000,top
"COS_ON_TL","12nF","C_0603_1608Metric",10.900000,-53.000000,90.000000,top
"COS_ON_TR","12nF","C_0603_1608Metric",22.400000,-53.000000,90.000000,top
"CREF1","1uF","C_0603_1608Metric",27.500000,-4.500000,0.000000,top
"CREF2","100nF","C_0603_1608Metric",30.500000,-4.500000,0.000000,top
"C_BULK_A","10uF","C_0805_2012Metric",17.500000,-4.500000,0.000000,top
"C_BULK_D","10uF","C_0805_2012Metric",9.500000,-4.500000,0.000000,top
"C_DEC_CMP1","100nF","C_0603_1608Metric",7.500000,-49.500000,0.000000,top
"C_DEC_CMP2","100nF","C_0603_1608Metric",19.000000,-49.500000,0.000000,top
"C_DEC_CMP3","100nF","C_0603_1608Metric",31.000000,-49.500000,0.000000,top
"C_DEC_CMP4","100nF","C_0603_1608Metric",42.500000,-49.500000,0.000000,top
"C_DEC_TIA1","100nF","C_0603_1608Metric",3.000000,-14.000000,90.000000,top
"C_DEC_TIA2","100nF","C_0603_1608Metric",47.000000,-14.000000,90.000000,top
"C_DEC_TIA3","100nF","C_0603_1608Metric",3.000000,-23.000000,90.000000,top
"C_DEC_TIA4","100nF","C_0603_1608Metric",47.000000,-23.000000,90.000000,top
"C_LED","10uF","C_0805_2012Metric",14.000000,-32.000000,90.000000,top
"DPD1","VBPW34FASR","Osram_BPW34S-SMD",22.250000,-13.500000,90.000000,top
"DPD2","VBPW34FASR","Osram_BPW34S-SMD",27.750000,-13.500000,90.000000,top
"DPD3","VBPW34FASR","Osram_BPW34S-SMD",22.250000,-22.500000,90.000000,top
"DPD4","VBPW34FASR","Osram_BPW34S-SMD",27.750000,-22.500000,90.000000,top
"FB1","BLM18AG601SN1D","L_0603_1608Metric",13.500000,-4.500000,0.000000,top
"J_DEBUG","Analog_Debug","PinHeader_1x06_P2.54mm_Vertical",26.500000,-65.500000,90.000000,top
"J_FPGA","Tang_Nano_Event_Out","PinHeader_2x05_P2.54mm_Vertical",12.000000,-65.500000,90.000000,top
"LED1","TSAL6200","LED_D5.0mm",25.000000,-32.000000,0.000000,top
"Q1","AO3400A","SOT-23",31.500000,-32.000000,0.000000,top
"RA1","22k","R_0603_1608Metric",7.500000,-40.500000,0.000000,top
"RA2","22k","R_0603_1608Metric",19.000000,-40.500000,0.000000,top
"RA3","22k","R_0603_1608Metric",31.000000,-40.500000,0.000000,top
"RA4","22k","R_0603_1608Metric",42.500000,-40.500000,0.000000,top
"RF1","18.0k","R_0603_1608Metric",7.500000,-10.500000,0.000000,top
"RF2","18.0k","R_0603_1608Metric",42.500000,-10.500000,0.000000,top
"RF3","18.0k","R_0603_1608Metric",7.500000,-19.500000,0.000000,top
"RF4","18.0k","R_0603_1608Metric",42.500000,-19.500000,0.000000,top
"RG","100R","R_0603_1608Metric",36.500000,-31.000000,0.000000,top
"RLED","82R","R_1206_3216Metric",18.500000,-32.000000,90.000000,top
"ROS_OFF_BL","8.2k","R_0603_1608Metric",27.600000,-57.500000,90.000000,top
"ROS_OFF_BR","8.2k","R_0603_1608Metric",39.100000,-57.500000,90.000000,top
"ROS_OFF_TL","8.2k","R_0603_1608Metric",4.100000,-57.500000,90.000000,top
"ROS_OFF_TR","8.2k","R_0603_1608Metric",15.600000,-57.500000,90.000000,top
"ROS_ON_BL","8.2k","R_0603_1608Metric",27.600000,-53.000000,90.000000,top
"ROS_ON_BR","8.2k","R_0603_1608Metric",39.100000,-53.000000,90.000000,top
"ROS_ON_TL","8.2k","R_0603_1608Metric",4.100000,-53.000000,90.000000,top
"ROS_ON_TR","8.2k","R_0603_1608Metric",15.600000,-53.000000,90.000000,top
"ROUT_OFF_BL","150R","R_0603_1608Metric",31.000000,-59.800000,0.000000,top
"ROUT_OFF_BR","150R","R_0603_1608Metric",42.500000,-59.800000,0.000000,top
"ROUT_OFF_TL","150R","R_0603_1608Metric",7.500000,-59.800000,0.000000,top
"ROUT_OFF_TR","150R","R_0603_1608Metric",19.000000,-59.800000,0.000000,top
"ROUT_ON_BL","150R","R_0603_1608Metric",31.000000,-55.200000,0.000000,top
"ROUT_ON_BR","150R","R_0603_1608Metric",42.500000,-55.200000,0.000000,top
"ROUT_ON_TL","150R","R_0603_1608Metric",7.500000,-55.200000,0.000000,top
"ROUT_ON_TR","150R","R_0603_1608Metric",19.000000,-55.200000,0.000000,top
"RPD","100k","R_0603_1608Metric",36.500000,-33.500000,0.000000,top
"RTHN_A","301k","R_0603_1608Metric",38.500000,-6.000000,0.000000,top
"RTHN_B","10.0k","R_0603_1608Metric",35.000000,-6.000000,0.000000,top
"RTHP_A","499k","R_0603_1608Metric",35.000000,-3.500000,0.000000,top
"RTHP_B","10.0k","R_0603_1608Metric",38.500000,-3.500000,0.000000,top
"U_CMP1","TLV3202","SOIC-8_3.9x4.9mm_P1.27mm",7.500000,-45.500000,0.000000,top
"U_CMP2","TLV3202","SOIC-8_3.9x4.9mm_P1.27mm",19.000000,-45.500000,0.000000,top
"U_CMP3","TLV3202","SOIC-8_3.9x4.9mm_P1.27mm",31.000000,-45.500000,0.000000,top
"U_CMP4","TLV3202","SOIC-8_3.9x4.9mm_P1.27mm",42.500000,-45.500000,0.000000,top
"U_OS_OFF_BL","74LVC1G123","VSSOP-8_2.3x2mm_P0.5mm",31.000000,-57.500000,0.000000,top
"U_OS_OFF_BR","74LVC1G123","VSSOP-8_2.3x2mm_P0.5mm",42.500000,-57.500000,0.000000,top
"U_OS_OFF_TL","74LVC1G123","VSSOP-8_2.3x2mm_P0.5mm",7.500000,-57.500000,0.000000,top
"U_OS_OFF_TR","74LVC1G123","VSSOP-8_2.3x2mm_P0.5mm",19.000000,-57.500000,0.000000,top
"U_OS_ON_BL","74LVC1G123","VSSOP-8_2.3x2mm_P0.5mm",31.000000,-53.000000,0.000000,top
"U_OS_ON_BR","74LVC1G123","VSSOP-8_2.3x2mm_P0.5mm",42.500000,-53.000000,0.000000,top
"U_OS_ON_TL","74LVC1G123","VSSOP-8_2.3x2mm_P0.5mm",7.500000,-53.000000,0.000000,top
"U_OS_ON_TR","74LVC1G123","VSSOP-8_2.3x2mm_P0.5mm",19.000000,-53.000000,0.000000,top
"U_REF","REF3312","SOT-23-3",23.000000,-4.500000,0.000000,top
"U_TIA1","OPA381","MSOP-8_3x3mm_P0.65mm",7.500000,-14.000000,0.000000,top
"U_TIA2","OPA381","MSOP-8_3x3mm_P0.65mm",42.500000,-14.000000,180.000000,top
"U_TIA3","OPA381","MSOP-8_3x3mm_P0.65mm",7.500000,-23.000000,0.000000,top
"U_TIA4","OPA381","MSOP-8_3x3mm_P0.65mm",42.500000,-23.000000,180.000000,top
