Comment/Value,Designator,Footprint,Quantity
47pF,"CF1, CF2, CF3, CF4",Capacitor_SMD:C_0603_1608Metric,4
12nF,"COS_OFF_BL, COS_OFF_BR, COS_OFF_TL, COS_OFF_TR, COS_ON_BL, COS_ON_BR, COS_ON_TL, COS_ON_TR",Capacitor_SMD:C_0603_1608Metric,8
1uF,CREF1,Capacitor_SMD:C_0603_1608Metric,1
10uF,"C_BULK_A, C_BULK_D, C_LED",Capacitor_SMD:C_0805_2012Metric,3
100nF,"CA1, CA2, CA3, CA4, CREF2, C_DEC_CMP1, C_DEC_CMP2, C_DEC_CMP3, C_DEC_CMP4, C_DEC_TIA1, C_DEC_TIA2, C_DEC_TIA3, C_DEC_TIA4",Capacitor_SMD:C_0603_1608Metric,13
VBPW34FASR,"DPD1, DPD2, DPD3, DPD4",OptoDevice:Osram_BPW34S-SMD,4
BLM18AG601SN1D,FB1,Inductor_SMD:L_0603_1608Metric,1
M3,"H, H, H, H",MountingHole:MountingHole_3.2mm_M3,4
M2,"H, H",MountingHole:MountingHole_2.2mm_M2,2
Analog_Debug,J_DEBUG,Connector_PinHeader_2.54mm:PinHeader_1x06_P2.54mm_Vertical,1
Tang_Nano_Event_Out,J_FPGA,Connector_PinHeader_2.54mm:PinHeader_2x05_P2.54mm_Vertical,1
TSAL6200,LED1,LED_THT:LED_D5.0mm,1
AO3400A,Q1,Package_TO_SOT_SMD:SOT-23,1
22k,"RA1, RA2, RA3, RA4",Resistor_SMD:R_0603_1608Metric,4
18.0k,"RF1, RF2, RF3, RF4",Resistor_SMD:R_0603_1608Metric,4
100R,RG,Resistor_SMD:R_0603_1608Metric,1
82R,RLED,Resistor_SMD:R_1206_3216Metric,1
8.2k,"ROS_OFF_BL, ROS_OFF_BR, ROS_OFF_TL, ROS_OFF_TR, ROS_ON_BL, ROS_ON_BR, ROS_ON_TL, ROS_ON_TR",Resistor_SMD:R_0603_1608Metric,8
150R,"ROUT_OFF_BL, ROUT_OFF_BR, ROUT_OFF_TL, ROUT_OFF_TR, ROUT_ON_BL, ROUT_ON_BR, ROUT_ON_TL, ROUT_ON_TR",Resistor_SMD:R_0603_1608Metric,8
100k,RPD,Resistor_SMD:R_0603_1608Metric,1
301k,RTHN_A,Resistor_SMD:R_0603_1608Metric,1
499k,RTHP_A,Resistor_SMD:R_0603_1608Metric,1
10.0k,"RTHN_B, RTHP_B",Resistor_SMD:R_0603_1608Metric,2
TLV3202,"U_CMP1, U_CMP2, U_CMP3, U_CMP4",Package_SO:SOIC-8_3.9x4.9mm_P1.27mm,4
74LVC1G123,"U_OS_OFF_BL, U_OS_OFF_BR, U_OS_OFF_TL, U_OS_OFF_TR, U_OS_ON_BL, U_OS_ON_BR, U_OS_ON_TL, U_OS_ON_TR",Package_SO:VSSOP-8_2.3x2mm_P0.5mm,8
REF3312,U_REF,Package_TO_SOT_SMD:SOT-23-3,1
OPA381,"U_TIA1, U_TIA2, U_TIA3, U_TIA4",Package_SO:MSOP-8_3x3mm_P0.65mm,4
