Comment,Designator,Footprint
47pF,"CF1, CF2, CF3, CF4",0603
12nF,"COS_OFF_BL, COS_OFF_BR, COS_OFF_TL, COS_OFF_TR, COS_ON_BL, COS_ON_BR, COS_ON_TL, COS_ON_TR",0603
1uF,CREF1,0603
10uF,"C_BULK_A, C_BULK_D, C_LED",0805
100nF,"CA1, CA2, CA3, CA4, CREF2, C_DEC_CMP1, C_DEC_CMP2, C_DEC_CMP3, C_DEC_CMP4, C_DEC_TIA1, C_DEC_TIA2, C_DEC_TIA3, C_DEC_TIA4",0603
BLM18AG601SN1D,FB1,0603
22k,"RA1, RA2, RA3, RA4",0603
18k,"RF1, RF2, RF3, RF4",0603
100,RG,0603
82,RLED,1206
8.2k,"ROS_OFF_BL, ROS_OFF_BR, ROS_OFF_TL, ROS_OFF_TR, ROS_ON_BL, ROS_ON_BR, ROS_ON_TL, ROS_ON_TR",0603
150,"ROUT_OFF_BL, ROUT_OFF_BR, ROUT_OFF_TL, ROUT_OFF_TR, ROUT_ON_BL, ROUT_ON_BR, ROUT_ON_TL, ROUT_ON_TR",0603
100k,RPD,0603
300k,RTHN_A,0603
499k,RTHP_A,0603
10k,"RTHN_B, RTHP_B",0603
AO3400A,Q1,SOT-23
REF3312AIDBZR,U_REF,SOT-23
TLV3202,"U_CMP1, U_CMP2, U_CMP3, U_CMP4",SOIC-8
74LVC1G123,"U_OS_OFF_BL, U_OS_OFF_BR, U_OS_OFF_TL, U_OS_OFF_TR, U_OS_ON_BL, U_OS_ON_BR, U_OS_ON_TL, U_OS_ON_TR",VSSOP-8
OPA381AIDGKT,"U_TIA1, U_TIA2, U_TIA3, U_TIA4",MSOP-8
VBPW34FASR,"DPD1, DPD2, DPD3, DPD4",SMD
