Designator,Val,Package,Mid X,Mid Y,Rotation,Layer
CA1,100nF,C_0603_1608Metric,7.500,38.000,0.0,Top
CA2,100nF,C_0603_1608Metric,19.000,38.000,0.0,Top
CA3,100nF,C_0603_1608Metric,31.000,38.000,0.0,Top
CA4,100nF,C_0603_1608Metric,42.500,38.000,0.0,Top
CF1,47pF,C_0603_1608Metric,7.500,8.500,0.0,Top
CF2,47pF,C_0603_1608Metric,42.500,8.500,0.0,Top
CF3,47pF,C_0603_1608Metric,7.500,17.500,0.0,Top
CF4,47pF,C_0603_1608Metric,42.500,17.500,0.0,Top
COS_OFF_BL,12nF,C_0603_1608Metric,34.400,57.500,90.0,Top
COS_OFF_BR,12nF,C_0603_1608Metric,45.900,57.500,90.0,Top
COS_OFF_TL,12nF,C_0603_1608Metric,10.900,57.500,90.0,Top
COS_OFF_TR,12nF,C_0603_1608Metric,22.400,57.500,90.0,Top
COS_ON_BL,12nF,C_0603_1608Metric,34.400,53.000,90.0,Top
COS_ON_BR,12nF,C_0603_1608Metric,45.900,53.000,90.0,Top
COS_ON_TL,12nF,C_0603_1608Metric,10.900,53.000,90.0,Top
COS_ON_TR,12nF,C_0603_1608Metric,22.400,53.000,90.0,Top
CREF1,1uF,C_0603_1608Metric,27.500,4.500,0.0,Top
CREF2,100nF,C_0603_1608Metric,30.500,4.500,0.0,Top
C_BULK_A,10uF,C_0805_2012Metric,17.500,4.500,0.0,Top
C_BULK_D,10uF,C_0805_2012Metric,9.500,4.500,0.0,Top
C_DEC_CMP1,100nF,C_0603_1608Metric,7.500,49.500,0.0,Top
C_DEC_CMP2,100nF,C_0603_1608Metric,19.000,49.500,0.0,Top
C_DEC_CMP3,100nF,C_0603_1608Metric,31.000,49.500,0.0,Top
C_DEC_CMP4,100nF,C_0603_1608Metric,42.500,49.500,0.0,Top
C_DEC_TIA1,100nF,C_0603_1608Metric,3.000,14.000,90.0,Top
C_DEC_TIA2,100nF,C_0603_1608Metric,47.000,14.000,90.0,Top
C_DEC_TIA3,100nF,C_0603_1608Metric,3.000,23.000,90.0,Top
C_DEC_TIA4,100nF,C_0603_1608Metric,47.000,23.000,90.0,Top
C_LED,10uF,C_0805_2012Metric,14.000,32.000,90.0,Top
DPD1,VBPW34FASR,Osram_BPW34S-SMD,22.250,13.500,90.0,Top
DPD2,VBPW34FASR,Osram_BPW34S-SMD,27.750,13.500,90.0,Top
DPD3,VBPW34FASR,Osram_BPW34S-SMD,22.250,22.500,90.0,Top
DPD4,VBPW34FASR,Osram_BPW34S-SMD,27.750,22.500,90.0,Top
FB1,BLM18AG601SN1D,L_0603_1608Metric,13.500,4.500,0.0,Top
J_DEBUG,Analog_Debug,PinHeader_1x06_P2.54mm_Vertical,26.500,65.500,90.0,Top
J_FPGA,Tang_Nano_Event_Out,PinHeader_2x05_P2.54mm_Vertical,12.000,65.500,90.0,Top
LED1,TSAL6200,LED_D5.0mm,25.000,32.000,0.0,Top
Q1,AO3400A,SOT-23,31.500,32.000,0.0,Top
RA1,22k,R_0603_1608Metric,7.500,40.500,0.0,Top
RA2,22k,R_0603_1608Metric,19.000,40.500,0.0,Top
RA3,22k,R_0603_1608Metric,31.000,40.500,0.0,Top
RA4,22k,R_0603_1608Metric,42.500,40.500,0.0,Top
RF1,18.0k,R_0603_1608Metric,7.500,10.500,0.0,Top
RF2,18.0k,R_0603_1608Metric,42.500,10.500,0.0,Top
RF3,18.0k,R_0603_1608Metric,7.500,19.500,0.0,Top
RF4,18.0k,R_0603_1608Metric,42.500,19.500,0.0,Top
RG,100R,R_0603_1608Metric,36.500,31.000,0.0,Top
RLED,82R,R_1206_3216Metric,18.500,32.000,90.0,Top
ROS_OFF_BL,8.2k,R_0603_1608Metric,27.600,57.500,90.0,Top
ROS_OFF_BR,8.2k,R_0603_1608Metric,39.100,57.500,90.0,Top
ROS_OFF_TL,8.2k,R_0603_1608Metric,4.100,57.500,90.0,Top
ROS_OFF_TR,8.2k,R_0603_1608Metric,15.600,57.500,90.0,Top
ROS_ON_BL,8.2k,R_0603_1608Metric,27.600,53.000,90.0,Top
ROS_ON_BR,8.2k,R_0603_1608Metric,39.100,53.000,90.0,Top
ROS_ON_TL,8.2k,R_0603_1608Metric,4.100,53.000,90.0,Top
ROS_ON_TR,8.2k,R_0603_1608Metric,15.600,53.000,90.0,Top
ROUT_OFF_BL,150R,R_0603_1608Metric,31.000,59.800,0.0,Top
ROUT_OFF_BR,150R,R_0603_1608Metric,42.500,59.800,0.0,Top
ROUT_OFF_TL,150R,R_0603_1608Metric,7.500,59.800,0.0,Top
ROUT_OFF_TR,150R,R_0603_1608Metric,19.000,59.800,0.0,Top
ROUT_ON_BL,150R,R_0603_1608Metric,31.000,55.200,0.0,Top
ROUT_ON_BR,150R,R_0603_1608Metric,42.500,55.200,0.0,Top
ROUT_ON_TL,150R,R_0603_1608Metric,7.500,55.200,0.0,Top
ROUT_ON_TR,150R,R_0603_1608Metric,19.000,55.200,0.0,Top
RPD,100k,R_0603_1608Metric,36.500,33.500,0.0,Top
RTHN_A,301k,R_0603_1608Metric,38.500,6.000,0.0,Top
RTHN_B,10.0k,R_0603_1608Metric,35.000,6.000,0.0,Top
RTHP_A,499k,R_0603_1608Metric,35.000,3.500,0.0,Top
RTHP_B,10.0k,R_0603_1608Metric,38.500,3.500,0.0,Top
U_CMP1,TLV3202,SOIC-8_3.9x4.9mm_P1.27mm,7.500,45.500,0.0,Top
U_CMP2,TLV3202,SOIC-8_3.9x4.9mm_P1.27mm,19.000,45.500,0.0,Top
U_CMP3,TLV3202,SOIC-8_3.9x4.9mm_P1.27mm,31.000,45.500,0.0,Top
U_CMP4,TLV3202,SOIC-8_3.9x4.9mm_P1.27mm,42.500,45.500,0.0,Top
U_OS_OFF_BL,74LVC1G123,VSSOP-8_2.3x2mm_P0.5mm,31.000,57.500,0.0,Top
U_OS_OFF_BR,74LVC1G123,VSSOP-8_2.3x2mm_P0.5mm,42.500,57.500,0.0,Top
U_OS_OFF_TL,74LVC1G123,VSSOP-8_2.3x2mm_P0.5mm,7.500,57.500,0.0,Top
U_OS_OFF_TR,74LVC1G123,VSSOP-8_2.3x2mm_P0.5mm,19.000,57.500,0.0,Top
U_OS_ON_BL,74LVC1G123,VSSOP-8_2.3x2mm_P0.5mm,31.000,53.000,0.0,Top
U_OS_ON_BR,74LVC1G123,VSSOP-8_2.3x2mm_P0.5mm,42.500,53.000,0.0,Top
U_OS_ON_TL,74LVC1G123,VSSOP-8_2.3x2mm_P0.5mm,7.500,53.000,0.0,Top
U_OS_ON_TR,74LVC1G123,VSSOP-8_2.3x2mm_P0.5mm,19.000,53.000,0.0,Top
U_REF,REF3312,SOT-23-3,23.000,4.500,0.0,Top
U_TIA1,OPA381,MSOP-8_3x3mm_P0.65mm,7.500,14.000,0.0,Top
U_TIA2,OPA381,MSOP-8_3x3mm_P0.65mm,42.500,14.000,180.0,Top
U_TIA3,OPA381,MSOP-8_3x3mm_P0.65mm,7.500,23.000,0.0,Top
U_TIA4,OPA381,MSOP-8_3x3mm_P0.65mm,42.500,23.000,180.0,Top
