Item,Designator,Qty,Value,Footprint,Manufacturer,MPN
1,"RTHN_B, RTHP_B",2,10.0k,R_0603_1608Metric,Yageo / Panasonic,10.0k 0.1%
2,RG,1,100R,R_0603_1608Metric,Yageo / Panasonic,100R
3,RPD,1,100k,R_0603_1608Metric,Yageo / Panasonic,100k
4,"CA1, CA2, CA3, CA4, CREF2, C_DEC_CMP1, C_DEC_CMP2, C_DEC_CMP3, C_DEC_CMP4, C_DEC_TIA1, C_DEC_TIA2, C_DEC_TIA3, C_DEC_TIA4",13,100nF,C_0603_1608Metric,Yageo / Murata,100nF
5,"C_BULK_A, C_BULK_D, C_LED",3,10uF,C_0805_2012Metric,Yageo / Murata,10uF
6,"COS_OFF_BL, COS_OFF_BR, COS_OFF_TL, COS_OFF_TR, COS_ON_BL, COS_ON_BR, COS_ON_TL, COS_ON_TR",8,12nF,C_0603_1608Metric,Yageo / Murata,12nF
7,"ROUT_OFF_BL, ROUT_OFF_BR, ROUT_OFF_TL, ROUT_OFF_TR, ROUT_ON_BL, ROUT_ON_BR, ROUT_ON_TL, ROUT_ON_TR",8,150R,R_0603_1608Metric,Yageo / Panasonic,150R
8,"RF1, RF2, RF3, RF4",4,18.0k,R_0603_1608Metric,Yageo / Panasonic,18.0k 0.1%
9,CREF1,1,1uF,C_0603_1608Metric,Yageo / Murata,1uF
10,"RA1, RA2, RA3, RA4",4,22k,R_0603_1608Metric,Yageo / Panasonic,22k
11,RTHN_A,1,301k,R_0603_1608Metric,Yageo / Panasonic,301k 0.1%
12,"CF1, CF2, CF3, CF4",4,47pF,C_0603_1608Metric,Yageo / Murata,47pF C0G
13,RTHP_A,1,499k,R_0603_1608Metric,Yageo / Panasonic,499k 0.1%
14,"U_OS_OFF_BL, U_OS_OFF_BR, U_OS_OFF_TL, U_OS_OFF_TR, U_OS_ON_BL, U_OS_ON_BR, U_OS_ON_TL, U_OS_ON_TR",8,74LVC1G123,VSSOP-8_2.3x2mm_P0.5mm,Texas Instruments,SN74LVC1G123DCU
15,"ROS_OFF_BL, ROS_OFF_BR, ROS_OFF_TL, ROS_OFF_TR, ROS_ON_BL, ROS_ON_BR, ROS_ON_TL, ROS_ON_TR",8,8.2k,R_0603_1608Metric,Yageo / Panasonic,8.2k
16,RLED,1,82R,R_1206_3216Metric,Yageo / Panasonic,82R 1206
17,Q1,1,AO3400A,SOT-23,Alpha & Omega Semiconductor,AO3400A
18,FB1,1,BLM18AG601SN1D,L_0603_1608Metric,Murata,BLM18AG601SN1D
19,"U_TIA1, U_TIA2, U_TIA3, U_TIA4",4,OPA381,MSOP-8_3x3mm_P0.65mm,Texas Instruments,OPA381AIDGKT
20,U_REF,1,REF3312,SOT-23-3,Texas Instruments,REF3312AIDBZR
21,"U_CMP1, U_CMP2, U_CMP3, U_CMP4",4,TLV3202,SOIC-8_3.9x4.9mm_P1.27mm,Texas Instruments,TLV3202AIDR
22,"DPD1, DPD2, DPD3, DPD4",4,VBPW34FASR,Osram_BPW34S-SMD,Vishay,VBPW34S
